CIK,CONAME,FYRMO,FDATE,FORM,SECFNAME,mda_positive_score,mda_negative_score,mda_polarity_score,mda_average_sentence_length,mda_complex_word_count,mda_percentage_of_complex_words,mda_fog_index,mda_word_count,mda_uncertainty_score,mda_constraining_score,qqdmr_positive_score,qqdmr_negative_score,qqdmr_polarity_score,qqdmr_average_sentence_length,qqdmr_complex_word_count,qqdmr_percentage_of_complex_words,qqdmr_fog_index,qqdmr_word_count,qqdmr_uncertainty_score,qqdmr_constraining_score,rf_positive_score,rf_negative_score,rf_polarity_score,rf_average_sentence_length,rf_complex_word_count,rf_percentage_of_complex_words,rf_fog_index,rf_word_count,rf_uncertainty_score,rf_constraining_score,mda_positive_word_proportion,mda_negative_word_proportion,qqdmr_positive_word_proportion,qqdmr_negative_word_proportion,rf_positive_word_proportion,rf_negative_word_proportion,mda_uncertainty_word_proportion,mda_constraining_word_proportion,qqdmr_uncertainty_word_proportion,qqdmr_constraining_word_proportion,rf_uncertainty_word_proportion,rf_constraining_word_proportion,constraining_words_whole_report
3662,SUNBEAM CORP/FL/,199803,1998-03-06,10-K405,edgar/data/3662/0000950170-98-000413.txt,0.0,1.0,-0.9999990000010001,26.710280373831775,832.0,0.29111266620014,10.800557216012766,876.0,0.0,0.0,0.0,0.0,0.0,0.0,0.0,0.0,0.0,0.0,0.0,0.0,0.0,0.0,0.0,0.0,0.0,0.0,0.0,0.0,0.0,0.0,0.0,0.001141552511415525,0.0,0.0,0.0,0.0,0.0,0.0,0.0,0.0,0.0,0.0,17.0
3662,SUNBEAM CORP/FL/,199805,1998-05-15,10-Q,edgar/data/3662/0000950170-98-001001.txt,0.0,1.0,-0.9999990000010001,29.569444444444443,668.0,0.3137623297322687,11.953282709670686,705.0,0.0,0.0,0.0,0.0,0.0,0.0,0.0,0.0,0.0,0.0,0.0,0.0,0.0,0.0,0.0,0.0,0.0,0.0,0.0,0.0,0.0,0.0,0.0,0.0014184397163120568,0.0,0.0,0.0,0.0,0.0,0.0,0.0,0.0,0.0,0.0,17.0
3662,SUNBEAM CORP/FL/,199808,1998-08-13,NT 10-Q,edgar/data/3662/0000950172-98-000783.txt,0.0,0.0,0.0,0.0,0.0,0.0,0.0,0.0,0.0,0.0,0.0,0.0,0.0,0.0,0.0,0.0,0.0,0.0,0.0,0.0,0.0,0.0,0.0,0.0,0.0,0.0,0.0,0.0,0.0,0.0,0.0,0.0,0.0,0.0,0.0,0.0,0.0,0.0,0.0,0.0,0.0,0.0,0.0
3662,SUNBEAM CORP/FL/,199811,1998-11-12,10-K/A,edgar/data/3662/0000950170-98-002145.txt,0.0,1.0,-0.9999990000010001,27.635071090047393,1354.0,0.23220716858171842,11.146911303451645,1414.0,0.0,0.0,0.0,0.0,0.0,0.0,0.0,0.0,0.0,0.0,0.0,0.0,0.0,0.0,0.0,0.0,0.0,0.0,0.0,0.0,0.0,0.0,0.0,0.0007072135785007072,0.0,0.0,0.0,0.0,0.0,0.0,0.0,0.0,0.0,0.0,16.0
3662,SUNBEAM CORP/FL/,199811,1998-11-16,NT 10-Q,edgar/data/3662/0000950172-98-001203.txt,0.0,0.0,0.0,0.0,0.0,0.0,0.0,0.0,0.0,0.0,0.0,0.0,0.0,0.0,0.0,0.0,0.0,0.0,0.0,0.0,0.0,0.0,0.0,0.0,0.0,0.0,0.0,0.0,0.0,0.0,0.0,0.0,0.0,0.0,0.0,0.0,0.0,0.0,0.0,0.0,0.0,0.0,0.0
3662,SUNBEAM CORP/FL/,199811,1998-11-25,10-Q/A,edgar/data/3662/0000950170-98-002278.txt,0.0,2.0,-0.99999950000025,24.939393939393938,1081.0,0.2626974483596598,10.08083655510144,1127.0,0.0,0.0,0.0,0.0,0.0,0.0,0.0,0.0,0.0,0.0,0.0,0.0,0.0,0.0,0.0,0.0,0.0,0.0,0.0,0.0,0.0,0.0,0.0,0.001774622892635315,0.0,0.0,0.0,0.0,0.0,0.0,0.0,0.0,0.0,0.0,1.0
3662,SUNBEAM CORP/FL/,199812,1998-12-22,10-Q,edgar/data/3662/0000950170-98-002401.txt,1.0,2.0,-0.33333322222225925,23.710843373493976,1233.0,0.20884146341463414,9.567873934763444,1284.0,0.0,0.0,0.0,0.0,0.0,0.0,0.0,0.0,0.0,0.0,0.0,0.0,0.0,0.0,0.0,0.0,0.0,0.0,0.0,0.0,0.0,0.0,0.000778816199376947,0.001557632398753894,0.0,0.0,0.0,0.0,0.0,0.0,0.0,0.0,0.0,0.0,4.0
3662,SUNBEAM CORP/FL/,199812,1998-12-22,10-Q,edgar/data/3662/0000950170-98-002402.txt,1.0,2.0,-0.33333322222225925,24.180257510729614,1210.0,0.21476748313809016,9.758009997547083,1263.0,0.0,0.0,0.0,0.0,0.0,0.0,0.0,0.0,0.0,0.0,0.0,0.0,0.0,0.0,0.0,0.0,0.0,0.0,0.0,0.0,0.0,0.0,0.000791765637371338,0.001583531274742676,0.0,0.0,0.0,0.0,0.0,0.0,0.0,0.0,0.0,0.0,2.0
3662,SUNBEAM CORP/FL/,199903,1999-03-31,NT 10-K,edgar/data/3662/0000950172-99-000362.txt,0.0,0.0,0.0,0.0,0.0,0.0,0.0,0.0,0.0,0.0,0.0,0.0,0.0,0.0,0.0,0.0,0.0,0.0,0.0,0.0,0.0,0.0,0.0,0.0,0.0,0.0,0.0,0.0,0.0,0.0,0.0,0.0,0.0,0.0,0.0,0.0,0.0,0.0,0.0,0.0,0.0,0.0,0.0
3662,SUNBEAM CORP/FL/,199905,1999-05-11,10-K,edgar/data/3662/0000950170-99-000775.txt,0.0,7.0,-0.9999998571428775,26.141592920353983,2108.0,0.17840216655382532,10.527998034763124,2191.0,4.0,1.0,0.0,0.0,0.0,0.0,0.0,0.0,0.0,0.0,0.0,0.0,0.0,0.0,0.0,0.0,0.0,0.0,0.0,0.0,0.0,0.0,0.0,0.003194888178913738,0.0,0.0,0.0,0.0,0.0018256503879507074,0.00045641259698767686,0.0,0.0,0.0,0.0,7.0
3662,SUNBEAM CORP/FL/,199905,1999-05-17,NT 10-Q,edgar/data/3662/0000950172-99-000584.txt,0.0,0.0,0.0,0.0,0.0,0.0,0.0,0.0,0.0,0.0,0.0,0.0,0.0,0.0,0.0,0.0,0.0,0.0,0.0,0.0,0.0,0.0,0.0,0.0,0.0,0.0,0.0,0.0,0.0,0.0,0.0,0.0,0.0,0.0,0.0,0.0,0.0,0.0,0.0,0.0,0.0,0.0,0.0
3662,SUNBEAM CORP/FL/,199906,1999-06-11,10-Q,edgar/data/3662/0000950170-99-001005.txt,0.0,2.0,-0.99999950000025,24.419354838709676,1304.0,0.24608416682392906,9.866175602213444,1354.0,2.0,0.0,0.0,0.0,0.0,0.0,0.0,0.0,0.0,0.0,0.0,0.0,0.0,0.0,0.0,0.0,0.0,0.0,0.0,0.0,0.0,0.0,0.0,0.0014771048744460858,0.0,0.0,0.0,0.0,0.0014771048744460858,0.0,0.0,0.0,0.0,0.0,1.0
3662,SUNBEAM CORP/FL/,199908,1999-08-16,NT 10-Q,edgar/data/3662/0000950172-99-001074.txt,0.0,0.0,0.0,0.0,0.0,0.0,0.0,0.0,0.0,0.0,0.0,0.0,0.0,0.0,0.0,0.0,0.0,0.0,0.0,0.0,0.0,0.0,0.0,0.0,0.0,0.0,0.0,0.0,0.0,0.0,0.0,0.0,0.0,0.0,0.0,0.0,0.0,0.0,0.0,0.0,0.0,0.0,0.0
3662,SUNBEAM CORP/FL/,199908,1999-08-19,10-Q,edgar/data/3662/0000950170-99-001361.txt,0.0,2.0,-0.99999950000025,23.705722070844686,1701.0,0.19551724137931034,9.560495724889599,1769.0,2.0,0.0,0.0,0.0,0.0,0.0,0.0,0.0,0.0,0.0,0.0,0.0,0.0,0.0,0.0,0.0,0.0,0.0,0.0,0.0,0.0,0.0,0.0,0.0011305822498586771,0.0,0.0,0.0,0.0,0.0011305822498586771,0.0,0.0,0.0,0.0,0.0,3.0
3662,SUNBEAM CORP/FL/,199911,1999-11-08,10-K/A,edgar/data/3662/0000889812-99-003241.txt,0.0,4.0,-0.9999997500000625,26.385036496350367,2318.0,0.16031537450722733,10.618140748343038,2394.0,2.0,1.0,0.0,0.0,0.0,0.0,0.0,0.0,0.0,0.0,0.0,0.0,0.0,0.0,0.0,0.0,0.0,0.0,0.0,0.0,0.0,0.0,0.0,0.001670843776106934,0.0,0.0,0.0,0.0,0.000835421888053467,0.0004177109440267335,0.0,0.0,0.0,0.0,3.0
3662,SUNBEAM CORP/FL/,199911,1999-11-08,10-Q/A,edgar/data/3662/0000950170-99-001639.txt,0.0,3.0,-0.9999996666667778,23.450632911392404,1764.0,0.19043506423404943,9.456427190250581,1833.0,2.0,1.0,0.0,0.0,0.0,0.0,0.0,0.0,0.0,0.0,0.0,0.0,0.0,0.0,0.0,0.0,0.0,0.0,0.0,0.0,0.0,0.0,0.0,0.0016366612111292963,0.0,0.0,0.0,0.0,0.0010911074740861974,0.0005455537370430987,0.0,0.0,0.0,0.0,3.0
3662,SUNBEAM CORP/FL/,199911,1999-11-08,10-Q/A,edgar/data/3662/0000950170-99-001640.txt,0.0,2.0,-0.99999950000025,24.922033898305084,1605.0,0.21830794341675736,10.056136736688737,1663.0,2.0,0.0,0.0,0.0,0.0,0.0,0.0,0.0,0.0,0.0,0.0,0.0,0.0,0.0,0.0,0.0,0.0,0.0,0.0,0.0,0.0,0.0,0.0,0.0012026458208057728,0.0,0.0,0.0,0.0,0.0012026458208057728,0.0,0.0,0.0,0.0,0.0,3.0
3662,SUNBEAM CORP/FL/,199911,1999-11-15,NT 10-Q,edgar/data/3662/0000950172-99-001626.txt,0.0,0.0,0.0,0.0,0.0,0.0,0.0,0.0,0.0,0.0,0.0,0.0,0.0,0.0,0.0,0.0,0.0,0.0,0.0,0.0,0.0,0.0,0.0,0.0,0.0,0.0,0.0,0.0,0.0,0.0,0.0,0.0,0.0,0.0,0.0,0.0,0.0,0.0,0.0,0.0,0.0,0.0,0.0
3662,SUNBEAM CORP/FL/,199911,1999-11-19,10-Q,edgar/data/3662/0000950170-99-001856.txt,0.0,4.0,-0.9999997500000625,24.149253731343283,1853.0,0.19087350638648537,9.736050895091907,1920.0,2.0,1.0,0.0,0.0,0.0,0.0,0.0,0.0,0.0,0.0,0.0,0.0,0.0,0.0,0.0,0.0,0.0,0.0,0.0,0.0,0.0,0.0,0.0,0.0020833333333333333,0.0,0.0,0.0,0.0,0.0010416666666666667,0.0005208333333333333,0.0,0.0,0.0,0.0,3.0
3982,ALLIS CHALMERS ENERGY INC.,200603,2006-03-22,10-K,edgar/data/3982/0000950129-06-002926.txt,0.0,0.0,0.0,0.0,0.0,0.0,0.0,0.0,0.0,0.0,0.0,0.0,0.0,0.0,0.0,0.0,0.0,0.0,0.0,0.0,0.0,0.0,0.0,0.0,0.0,0.0,0.0,0.0,0.0,0.0,0.0,0.0,0.0,0.0,0.0,0.0,0.0,0.0,0.0,0.0,0.0,0.0,9.0
3982,ALLIS CHALMERS ENERGY INC.,200605,2006-05-01,10-K/A,edgar/data/3982/0000950129-06-004690.txt,0.0,0.0,0.0,0.0,0.0,0.0,0.0,0.0,0.0,0.0,0.0,0.0,0.0,0.0,0.0,0.0,0.0,0.0,0.0,0.0,0.0,0.0,0.0,0.0,0.0,0.0,0.0,0.0,0.0,0.0,0.0,0.0,0.0,0.0,0.0,0.0,0.0,0.0,0.0,0.0,0.0,0.0,0.0
3982,ALLIS CHALMERS ENERGY INC.,200605,2006-05-10,10-Q,edgar/data/3982/0000950129-06-005244.txt,0.0,0.0,0.0,0.0,0.0,0.0,0.0,0.0,0.0,0.0,0.0,0.0,0.0,0.0,0.0,0.0,0.0,0.0,0.0,0.0,0.0,0.0,0.0,0.0,0.0,0.0,0.0,0.0,0.0,0.0,0.0,0.0,0.0,0.0,0.0,0.0,0.0,0.0,0.0,0.0,0.0,0.0,5.0
3982,ALLIS CHALMERS ENERGY INC.,200607,2006-07-24,10-K/A,edgar/data/3982/0000950129-06-007243.txt,0.0,0.0,0.0,0.0,0.0,0.0,0.0,0.0,0.0,0.0,0.0,0.0,0.0,0.0,0.0,0.0,0.0,0.0,0.0,0.0,0.0,0.0,0.0,0.0,0.0,0.0,0.0,0.0,0.0,0.0,0.0,0.0,0.0,0.0,0.0,0.0,0.0,0.0,0.0,0.0,0.0,0.0,2.0
3982,ALLIS CHALMERS ENERGY INC.,200607,2006-07-24,10-Q/A,edgar/data/3982/0000950129-06-007244.txt,0.0,0.0,0.0,0.0,0.0,0.0,0.0,0.0,0.0,0.0,0.0,0.0,0.0,0.0,0.0,0.0,0.0,0.0,0.0,0.0,0.0,0.0,0.0,0.0,0.0,0.0,0.0,0.0,0.0,0.0,0.0,0.0,0.0,0.0,0.0,0.0,0.0,0.0,0.0,0.0,0.0,0.0,0.0
3982,ALLIS CHALMERS ENERGY INC.,200608,2006-08-14,10-Q,edgar/data/3982/0000950129-06-007871.txt,0.0,0.0,0.0,0.0,0.0,0.0,0.0,0.0,0.0,0.0,0.0,0.0,0.0,0.0,0.0,0.0,0.0,0.0,0.0,0.0,0.0,0.0,0.0,0.0,0.0,0.0,0.0,0.0,0.0,0.0,0.0,0.0,0.0,0.0,0.0,0.0,0.0,0.0,0.0,0.0,0.0,0.0,0.0
3982,ALLIS CHALMERS ENERGY INC.,200611,2006-11-08,10-Q,edgar/data/3982/0000950129-06-009522.txt,0.0,0.0,0.0,0.0,0.0,0.0,0.0,0.0,0.0,0.0,0.0,0.0,0.0,0.0,0.0,0.0,0.0,0.0,0.0,0.0,0.0,0.0,0.0,0.0,0.0,0.0,0.0,0.0,0.0,0.0,0.0,0.0,0.0,0.0,0.0,0.0,0.0,0.0,0.0,0.0,0.0,0.0,0.0
3982,ALLIS CHALMERS ENERGY INC.,200612,2006-12-29,10-Q/A,edgar/data/3982/0000950134-06-023819.txt,0.0,0.0,0.0,0.0,0.0,0.0,0.0,0.0,0.0,0.0,0.0,0.0,0.0,0.0,0.0,0.0,0.0,0.0,0.0,0.0,0.0,0.0,0.0,0.0,0.0,0.0,0.0,0.0,0.0,0.0,0.0,0.0,0.0,0.0,0.0,0.0,0.0,0.0,0.0,0.0,0.0,0.0,1.0
3982,ALLIS CHALMERS ENERGY INC.,200703,2007-03-15,10-K,edgar/data/3982/0000950129-07-001381.txt,0.0,0.0,0.0,0.0,0.0,0.0,0.0,0.0,0.0,0.0,0.0,0.0,0.0,0.0,0.0,0.0,0.0,0.0,0.0,0.0,0.0,0.0,0.0,0.0,0.0,0.0,0.0,0.0,0.0,0.0,0.0,0.0,0.0,0.0,0.0,0.0,0.0,0.0,0.0,0.0,0.0,0.0,2.0
3982,ALLIS CHALMERS ENERGY INC.,200705,2007-05-10,10-Q,edgar/data/3982/0000950129-07-002432.txt,0.0,0.0,0.0,0.0,0.0,0.0,0.0,0.0,0.0,0.0,0.0,0.0,0.0,0.0,0.0,0.0,0.0,0.0,0.0,0.0,0.0,0.0,0.0,0.0,0.0,0.0,0.0,0.0,0.0,0.0,0.0,0.0,0.0,0.0,0.0,0.0,0.0,0.0,0.0,0.0,0.0,0.0,9.0
3982,ALLIS CHALMERS ENERGY INC.,200708,2007-08-09,10-Q,edgar/data/3982/0000950129-07-003918.txt,0.0,0.0,0.0,0.0,0.0,0.0,0.0,0.0,0.0,0.0,0.0,0.0,0.0,0.0,0.0,0.0,0.0,0.0,0.0,0.0,0.0,0.0,0.0,0.0,0.0,0.0,0.0,0.0,0.0,0.0,0.0,0.0,0.0,0.0,0.0,0.0,0.0,0.0,0.0,0.0,0.0,0.0,0.0
3982,ALLIS CHALMERS ENERGY INC.,200711,2007-11-06,10-Q,edgar/data/3982/0000950129-07-005361.txt,0.0,0.0,0.0,0.0,0.0,0.0,0.0,0.0,0.0,0.0,0.0,0.0,0.0,0.0,0.0,0.0,0.0,0.0,0.0,0.0,0.0,0.0,0.0,0.0,0.0,0.0,0.0,0.0,0.0,0.0,0.0,0.0,0.0,0.0,0.0,0.0,0.0,0.0,0.0,0.0,0.0,0.0,1.0
3982,ALLIS CHALMERS ENERGY INC.,200803,2008-03-07,10-K,edgar/data/3982/0000950129-08-001569.txt,0.0,0.0,0.0,0.0,0.0,0.0,0.0,0.0,0.0,0.0,0.0,0.0,0.0,0.0,0.0,0.0,0.0,0.0,0.0,0.0,0.0,0.0,0.0,0.0,0.0,0.0,0.0,0.0,0.0,0.0,0.0,0.0,0.0,0.0,0.0,0.0,0.0,0.0,0.0,0.0,0.0,0.0,2.0
3982,ALLIS CHALMERS ENERGY INC.,200804,2008-04-29,10-K/A,edgar/data/3982/0000950129-08-002507.txt,0.0,0.0,0.0,0.0,0.0,0.0,0.0,0.0,0.0,0.0,0.0,0.0,0.0,0.0,0.0,0.0,0.0,0.0,0.0,0.0,0.0,0.0,0.0,0.0,0.0,0.0,0.0,0.0,0.0,0.0,0.0,0.0,0.0,0.0,0.0,0.0,0.0,0.0,0.0,0.0,0.0,0.0,0.0
4447,AMERADA HESS CORP,200311,2003-11-12,10-Q,edgar/data/4447/0000950123-03-012528.txt,0.0,0.0,0.0,0.0,0.0,0.0,0.0,0.0,0.0,0.0,0.0,0.0,0.0,0.0,0.0,0.0,0.0,0.0,0.0,0.0,0.0,0.0,0.0,0.0,0.0,0.0,0.0,0.0,0.0,0.0,0.0,0.0,0.0,0.0,0.0,0.0,0.0,0.0,0.0,0.0,0.0,0.0,0.0
4447,AMERADA HESS CORP,200403,2004-03-12,10-K,edgar/data/4447/0000950123-04-003250.txt,0.0,0.0,0.0,0.0,0.0,0.0,0.0,0.0,0.0,0.0,0.0,0.0,0.0,0.0,0.0,0.0,0.0,0.0,0.0,0.0,0.0,0.0,0.0,0.0,0.0,0.0,0.0,0.0,0.0,0.0,0.0,0.0,0.0,0.0,0.0,0.0,0.0,0.0,0.0,0.0,0.0,0.0,0.0
4447,AMERADA HESS CORP,200403,2004-03-15,10-K/A,edgar/data/4447/0000950123-04-003322.txt,0.0,0.0,0.0,0.0,0.0,0.0,0.0,0.0,0.0,0.0,0.0,0.0,0.0,0.0,0.0,0.0,0.0,0.0,0.0,0.0,0.0,0.0,0.0,0.0,0.0,0.0,0.0,0.0,0.0,0.0,0.0,0.0,0.0,0.0,0.0,0.0,0.0,0.0,0.0,0.0,0.0,0.0,0.0
4447,AMERADA HESS CORP,200405,2004-05-07,10-Q,edgar/data/4447/0000950123-04-005950.txt,0.0,0.0,0.0,0.0,0.0,0.0,0.0,0.0,0.0,0.0,0.0,0.0,0.0,0.0,0.0,0.0,0.0,0.0,0.0,0.0,0.0,0.0,0.0,0.0,0.0,0.0,0.0,0.0,0.0,0.0,0.0,0.0,0.0,0.0,0.0,0.0,0.0,0.0,0.0,0.0,0.0,0.0,0.0
4447,AMERADA HESS CORP,200408,2004-08-06,10-Q,edgar/data/4447/0000950123-04-009350.txt,0.0,0.0,0.0,0.0,0.0,0.0,0.0,0.0,0.0,0.0,0.0,0.0,0.0,0.0,0.0,0.0,0.0,0.0,0.0,0.0,0.0,0.0,0.0,0.0,0.0,0.0,0.0,0.0,0.0,0.0,0.0,0.0,0.0,0.0,0.0,0.0,0.0,0.0,0.0,0.0,0.0,0.0,0.0
4447,AMERADA HESS CORP,200411,2004-11-05,10-Q,edgar/data/4447/0000950123-04-013054.txt,0.0,0.0,0.0,0.0,0.0,0.0,0.0,0.0,0.0,0.0,0.0,0.0,0.0,0.0,0.0,0.0,0.0,0.0,0.0,0.0,0.0,0.0,0.0,0.0,0.0,0.0,0.0,0.0,0.0,0.0,0.0,0.0,0.0,0.0,0.0,0.0,0.0,0.0,0.0,0.0,0.0,0.0,0.0
4447,AMERADA HESS CORP,200503,2005-03-14,10-K,edgar/data/4447/0000950123-05-003078.txt,0.0,0.0,0.0,0.0,0.0,0.0,0.0,0.0,0.0,0.0,0.0,0.0,0.0,0.0,0.0,0.0,0.0,0.0,0.0,0.0,0.0,0.0,0.0,0.0,0.0,0.0,0.0,0.0,0.0,0.0,0.0,0.0,0.0,0.0,0.0,0.0,0.0,0.0,0.0,0.0,0.0,0.0,6.0
4447,AMERADA HESS CORP,200505,2005-05-06,10-Q,edgar/data/4447/0000950123-05-005767.txt,0.0,0.0,0.0,0.0,0.0,0.0,0.0,0.0,0.0,0.0,0.0,0.0,0.0,0.0,0.0,0.0,0.0,0.0,0.0,0.0,0.0,0.0,0.0,0.0,0.0,0.0,0.0,0.0,0.0,0.0,0.0,0.0,0.0,0.0,0.0,0.0,0.0,0.0,0.0,0.0,0.0,0.0,0.0
4447,AMERADA HESS CORP,200508,2005-08-05,10-Q,edgar/data/4447/0000950123-05-009475.txt,0.0,0.0,0.0,0.0,0.0,0.0,0.0,0.0,0.0,0.0,0.0,0.0,0.0,0.0,0.0,0.0,0.0,0.0,0.0,0.0,0.0,0.0,0.0,0.0,0.0,0.0,0.0,0.0,0.0,0.0,0.0,0.0,0.0,0.0,0.0,0.0,0.0,0.0,0.0,0.0,0.0,0.0,0.0
4447,AMERADA HESS CORP,200511,2005-11-07,10-Q,edgar/data/4447/0000950123-05-013153.txt,0.0,0.0,0.0,0.0,0.0,0.0,0.0,0.0,0.0,0.0,0.0,0.0,0.0,0.0,0.0,0.0,0.0,0.0,0.0,0.0,0.0,0.0,0.0,0.0,0.0,0.0,0.0,0.0,0.0,0.0,0.0,0.0,0.0,0.0,0.0,0.0,0.0,0.0,0.0,0.0,0.0,0.0,0.0
4457,AMERCO /NV/,199911,1999-11-08,10-Q,edgar/data/4457/0000004457-99-000043.txt,0.0,0.0,0.0,18.542124542124544,1063.0,0.20999604899249308,7.500848236446815,1094.0,0.0,0.0,0.0,0.0,0.0,12.333333333333334,23.0,0.6216216216216216,5.181981981981982,28.0,0.0,0.0,0.0,0.0,0.0,0.0,0.0,0.0,0.0,0.0,0.0,0.0,0.0,0.0,0.0,0.0,0.0,0.0,0.0,0.0,0.0,0.0,0.0,0.0,1.0
4457,AMERCO /NV/,200002,2000-02-10,10-Q,edgar/data/4457/0000004457-00-000018.txt,0.0,0.0,0.0,18.5921568627451,970.0,0.20459818603670113,7.5187020195127205,998.0,0.0,0.0,0.0,0.0,0.0,12.333333333333334,23.0,0.6216216216216216,5.181981981981982,28.0,0.0,0.0,0.0,0.0,0.0,0.0,0.0,0.0,0.0,0.0,0.0,0.0,0.0,0.0,0.0,0.0,0.0,0.0,0.0,0.0,0.0,0.0,0.0,0.0,1.0
4457,AMERCO /NV/,200006,2000-06-29,10-K,edgar/data/4457/0000004457-00-000067.txt,0.0,0.0,0.0,20.412844036697248,1009.0,0.22674157303370787,8.255834243892382,1038.0,0.0,0.0,0.0,0.0,0.0,12.75,89.0,0.5816993464052288,5.332679738562092,94.0,0.0,0.0,0.0,0.0,0.0,0.0,0.0,0.0,0.0,0.0,0.0,0.0,0.0,0.0,0.0,0.0,0.0,0.0,0.0,0.0,0.0,0.0,0.0,0.0,9.0
4457,AMERCO /NV/,200008,2000-08-11,10-Q,edgar/data/4457/0000004457-00-000080.txt,0.0,0.0,0.0,20.26829268292683,689.0,0.27637384677095866,8.217866611879115,712.0,0.0,0.0,0.0,0.0,0.0,12.333333333333334,23.0,0.6216216216216216,5.181981981981982,28.0,0.0,0.0,0.0,0.0,0.0,0.0,0.0,0.0,0.0,0.0,0.0,0.0,0.0,0.0,0.0,0.0,0.0,0.0,0.0,0.0,0.0,0.0,0.0,0.0,1.0
4457,AMERCO /NV/,200011,2000-11-13,10-Q,edgar/data/4457/0000004457-00-000105.txt,0.0,0.0,0.0,16.8625,615.0,0.2279466271312083,6.836178650852483,638.0,0.0,0.0,0.0,0.0,0.0,12.333333333333334,23.0,0.6216216216216216,5.181981981981982,28.0,0.0,0.0,0.0,0.0,0.0,0.0,0.0,0.0,0.0,0.0,0.0,0.0,0.0,0.0,0.0,0.0,0.0,0.0,0.0,0.0,0.0,0.0,0.0,0.0,1.0
4457,AMERCO /NV/,200102,2001-02-14,10-Q,edgar/data/4457/0000004457-01-500024.txt,0.0,0.0,0.0,16.868263473053894,632.0,0.2243521476748314,6.83704624829149,654.0,0.0,0.0,0.0,0.0,0.0,12.333333333333334,23.0,0.6216216216216216,5.181981981981982,28.0,0.0,0.0,0.0,0.0,0.0,0.0,0.0,0.0,0.0,0.0,0.0,0.0,0.0,0.0,0.0,0.0,0.0,0.0,0.0,0.0,0.0,0.0,0.0,0.0,1.0
4457,AMERCO /NV/,200107,2001-07-02,10-K,edgar/data/4457/0000004457-01-500063.txt,0.0,0.0,0.0,21.80841121495327,987.0,0.21148489393614742,8.807958443555767,1017.0,0.0,0.0,0.0,0.0,0.0,12.916666666666666,90.0,0.5806451612903226,5.398924731182795,96.0,0.0,0.0,0.0,0.0,0.0,0.0,0.0,0.0,0.0,0.0,0.0,0.0,0.0,0.0,0.0,0.0,0.0,0.0,0.0,0.0,0.0,0.0,0.0,0.0,1.0
4457,AMERCO /NV/,200107,2001-07-02,NT 10-K,edgar/data/4457/0000004457-01-500060.txt,0.0,0.0,0.0,0.0,0.0,0.0,0.0,0.0,0.0,0.0,0.0,0.0,0.0,0.0,0.0,0.0,0.0,0.0,0.0,0.0,0.0,0.0,0.0,0.0,0.0,0.0,0.0,0.0,0.0,0.0,0.0,0.0,0.0,0.0,0.0,0.0,0.0,0.0,0.0,0.0,0.0,0.0,0.0
4457,AMERCO /NV/,200108,2001-08-10,10-Q,edgar/data/4457/0000004457-01-500081.txt,0.0,0.0,0.0,0.0,0.0,0.0,0.0,0.0,0.0,0.0,0.0,0.0,0.0,0.0,0.0,0.0,0.0,0.0,0.0,0.0,0.0,0.0,0.0,0.0,0.0,0.0,0.0,0.0,0.0,0.0,0.0,0.0,0.0,0.0,0.0,0.0,0.0,0.0,0.0,0.0,0.0,0.0,1.0
4457,AMERCO /NV/,200108,2001-08-10,10-Q/A,edgar/data/4457/0000004457-01-500083.txt,0.0,0.0,0.0,18.234285714285715,717.0,0.22469445314948291,7.383592066974079,742.0,1.0,0.0,0.0,0.0,0.0,12.333333333333334,23.0,0.6216216216216216,5.181981981981982,27.0,0.0,0.0,0.0,0.0,0.0,0.0,0.0,0.0,0.0,0.0,0.0,0.0,0.0,0.0,0.0,0.0,0.0,0.0,0.0013477088948787063,0.0,0.0,0.0,0.0,0.0,1.0
4515,AMERICAN AIRLINES INC,200810,2008-10-16,10-Q,edgar/data/4515/0000004515-08-000073.txt,0.0,0.0,0.0,0.0,0.0,0.0,0.0,0.0,0.0,0.0,0.0,0.0,0.0,0.0,0.0,0.0,0.0,0.0,0.0,0.0,0.0,0.0,0.0,0.0,0.0,0.0,0.0,0.0,0.0,0.0,0.0,0.0,0.0,0.0,0.0,0.0,0.0,0.0,0.0,0.0,0.0,0.0,0.0
4515,AMERICAN AIRLINES INC,200902,2009-02-19,10-K,edgar/data/4515/0000004515-09-000008.txt,0.0,0.0,0.0,0.0,0.0,0.0,0.0,0.0,0.0,0.0,0.0,0.0,0.0,0.0,0.0,0.0,0.0,0.0,0.0,0.0,0.0,0.0,0.0,168.82857142857142,1153.0,0.06504202628758392,67.55744538194361,1167.0,0.0,0.0,0.0,0.0,0.0,0.0,0.0,0.0,0.0,0.0,0.0,0.0,0.0,0.0,2.0
4515,AMERICAN AIRLINES INC,200904,2009-04-16,10-Q,edgar/data/4515/0000004515-09-000018.txt,0.0,0.0,0.0,0.0,0.0,0.0,0.0,0.0,0.0,0.0,0.0,0.0,0.0,0.0,0.0,0.0,0.0,0.0,0.0,0.0,0.0,0.0,0.0,0.0,0.0,0.0,0.0,0.0,0.0,0.0,0.0,0.0,0.0,0.0,0.0,0.0,0.0,0.0,0.0,0.0,0.0,0.0,0.0
4515,AMERICAN AIRLINES INC,200907,2009-07-15,10-Q,edgar/data/4515/0000004515-09-000029.txt,0.0,0.0,0.0,0.0,0.0,0.0,0.0,0.0,0.0,0.0,0.0,0.0,0.0,0.0,0.0,0.0,0.0,0.0,0.0,0.0,0.0,0.0,0.0,0.0,0.0,0.0,0.0,0.0,0.0,0.0,0.0,0.0,0.0,0.0,0.0,0.0,0.0,0.0,0.0,0.0,0.0,0.0,0.0
4515,AMERICAN AIRLINES INC,200910,2009-10-21,10-Q,edgar/data/4515/0000004515-09-000039.txt,0.0,0.0,0.0,0.0,0.0,0.0,0.0,0.0,0.0,0.0,0.0,0.0,0.0,0.0,0.0,0.0,0.0,0.0,0.0,0.0,0.0,0.0,0.0,0.0,0.0,0.0,0.0,0.0,0.0,0.0,0.0,0.0,0.0,0.0,0.0,0.0,0.0,0.0,0.0,0.0,0.0,0.0,0.0
4515,AMERICAN AIRLINES INC,200911,2009-11-06,10-Q/A,edgar/data/4515/0000004515-09-000041.txt,0.0,0.0,0.0,0.0,0.0,0.0,0.0,0.0,0.0,0.0,0.0,0.0,0.0,0.0,0.0,0.0,0.0,0.0,0.0,0.0,0.0,0.0,0.0,0.0,0.0,0.0,0.0,0.0,0.0,0.0,0.0,0.0,0.0,0.0,0.0,0.0,0.0,0.0,0.0,0.0,0.0,0.0,0.0
4515,AMERICAN AIRLINES INC,201002,2010-02-17,10-K,edgar/data/4515/0000004515-10-000006.txt,0.0,0.0,0.0,1287.5,1550.0,0.04299583911234397,515.0171983356449,1612.0,0.0,0.0,0.0,0.0,0.0,285.85714285714283,337.0,0.16841579210394803,114.41022345969871,359.0,0.0,0.0,0.0,0.0,0.0,172.22321428571428,1320.0,0.068432785525429,68.91665882849588,1331.0,0.0,0.0,0.0,0.0,0.0,0.0,0.0,0.0,0.0,0.0,0.0,0.0,0.0,0.0,0.0
4515,AMERICAN AIRLINES INC,201004,2010-04-21,10-Q,edgar/data/4515/0000004515-10-000016.txt,0.0,0.0,0.0,0.0,0.0,0.0,0.0,0.0,0.0,0.0,0.0,0.0,0.0,0.0,0.0,0.0,0.0,0.0,0.0,0.0,0.0,0.0,0.0,0.0,0.0,0.0,0.0,0.0,0.0,0.0,0.0,0.0,0.0,0.0,0.0,0.0,0.0,0.0,0.0,0.0,0.0,0.0,0.0
4515,AMERICAN AIRLINES INC,201007,2010-07-21,10-Q,edgar/data/4515/0000950123-10-066865.txt,0.0,0.0,0.0,0.0,0.0,0.0,0.0,0.0,0.0,0.0,0.0,0.0,0.0,0.0,0.0,0.0,0.0,0.0,0.0,0.0,0.0,0.0,0.0,0.0,0.0,0.0,0.0,0.0,0.0,0.0,0.0,0.0,0.0,0.0,0.0,0.0,0.0,0.0,0.0,0.0,0.0,0.0,0.0
4515,AMERICAN AIRLINES INC,201010,2010-10-20,10-Q,edgar/data/4515/0000950123-10-094615.txt,0.0,0.0,0.0,0.0,0.0,0.0,0.0,0.0,0.0,0.0,0.0,0.0,0.0,0.0,0.0,0.0,0.0,0.0,0.0,0.0,0.0,0.0,0.0,0.0,0.0,0.0,0.0,0.0,0.0,0.0,0.0,0.0,0.0,0.0,0.0,0.0,0.0,0.0,0.0,0.0,0.0,0.0,0.0
4962,AMERICAN EXPRESS CO,201404,2014-04-29,10-Q,edgar/data/4962/0001193125-14-167067.txt,0.0,0.0,0.0,0.0,0.0,0.0,0.0,0.0,0.0,0.0,0.0,0.0,0.0,0.0,0.0,0.0,0.0,0.0,0.0,0.0,0.0,0.0,0.0,0.0,0.0,0.0,0.0,0.0,0.0,0.0,0.0,0.0,0.0,0.0,0.0,0.0,0.0,0.0,0.0,0.0,0.0,0.0,1.0
4962,AMERICAN EXPRESS CO,201407,2014-07-30,10-Q,edgar/data/4962/0001193125-14-286961.txt,0.0,0.0,0.0,0.0,0.0,0.0,0.0,0.0,0.0,0.0,0.0,0.0,0.0,0.0,0.0,0.0,0.0,0.0,0.0,0.0,0.0,0.0,0.0,0.0,0.0,0.0,0.0,0.0,0.0,0.0,0.0,0.0,0.0,0.0,0.0,0.0,0.0,0.0,0.0,0.0,0.0,0.0,0.0
5588,AMERICAN PAD & PAPER CO,199611,1996-11-06,10-Q,edgar/data/5588/0000930661-96-001510.txt,0.0,0.0,0.0,23.764705882352942,395.0,0.24443069306930693,9.6036546301689,427.0,0.0,0.0,0.0,0.0,0.0,0.0,0.0,0.0,0.0,0.0,0.0,0.0,0.0,0.0,0.0,0.0,0.0,0.0,0.0,0.0,0.0,0.0,0.0,0.0,0.0,0.0,0.0,0.0,0.0,0.0,0.0,0.0,0.0,0.0,0.0
5588,AMERICAN PAD & PAPER CO,199703,1997-03-31,10-K,edgar/data/5588/0000950134-97-002428.txt,0.0,0.0,0.0,24.62589928057554,786.0,0.22962313759859773,9.942208967269655,831.0,0.0,0.0,0.0,0.0,0.0,0.0,0.0,0.0,0.0,0.0,0.0,0.0,0.0,0.0,0.0,0.0,0.0,0.0,0.0,0.0,0.0,0.0,0.0,0.0,0.0,0.0,0.0,0.0,0.0,0.0,0.0,0.0,0.0,0.0,2.0
5588,AMERICAN PAD & PAPER CO,199705,1997-05-15,10-Q,edgar/data/5588/0000950134-97-003934.txt,0.0,0.0,0.0,0.0,0.0,0.0,0.0,0.0,0.0,0.0,0.0,0.0,0.0,0.0,0.0,0.0,0.0,0.0,0.0,0.0,0.0,0.0,0.0,0.0,0.0,0.0,0.0,0.0,0.0,0.0,0.0,0.0,0.0,0.0,0.0,0.0,0.0,0.0,0.0,0.0,0.0,0.0,0.0
5588,AMERICAN PAD & PAPER CO,199708,1997-08-14,10-Q,edgar/data/5588/0000950134-97-006223.txt,0.0,0.0,0.0,22.247619047619047,617.0,0.2641267123287671,9.004698303979126,649.0,0.0,0.0,0.0,0.0,0.0,0.0,0.0,0.0,0.0,0.0,0.0,0.0,0.0,0.0,0.0,0.0,0.0,0.0,0.0,0.0,0.0,0.0,0.0,0.0,0.0,0.0,0.0,0.0,0.0,0.0,0.0,0.0,0.0,0.0,0.0
5588,AMERICAN PAD & PAPER CO,199711,1997-11-14,10-Q,edgar/data/5588/0000950134-97-008577.txt,0.0,0.0,0.0,22.735849056603772,651.0,0.2701244813278008,9.20238941517263,686.0,0.0,0.0,0.0,0.0,0.0,0.0,0.0,0.0,0.0,0.0,0.0,0.0,0.0,0.0,0.0,0.0,0.0,0.0,0.0,0.0,0.0,0.0,0.0,0.0,0.0,0.0,0.0,0.0,0.0,0.0,0.0,0.0,0.0,0.0,0.0
5588,AMERICAN PAD & PAPER CO,199803,1998-03-27,10-K,edgar/data/5588/0000950134-98-002477.txt,0.0,0.0,0.0,21.77094972067039,925.0,0.23736207338978701,8.80332471762407,973.0,0.0,0.0,0.0,0.0,0.0,0.0,0.0,0.0,0.0,0.0,0.0,0.0,0.0,0.0,0.0,0.0,0.0,0.0,0.0,0.0,0.0,0.0,0.0,0.0,0.0,0.0,0.0,0.0,0.0,0.0,0.0,0.0,0.0,0.0,2.0
5588,AMERICAN PAD & PAPER CO,199805,1998-05-14,10-Q,edgar/data/5588/0000950134-98-004241.txt,0.0,0.0,0.0,21.128440366972477,656.0,0.28484585323491096,8.565314488082956,687.0,0.0,0.0,0.0,0.0,0.0,0.0,0.0,0.0,0.0,0.0,0.0,0.0,0.0,0.0,0.0,0.0,0.0,0.0,0.0,0.0,0.0,0.0,0.0,0.0,0.0,0.0,0.0,0.0,0.0,0.0,0.0,0.0,0.0,0.0,1.0
5588,AMERICAN PAD & PAPER CO,199808,1998-08-14,10-Q,edgar/data/5588/0000950134-98-006988.txt,0.0,0.0,0.0,22.502857142857142,905.0,0.22981208735398678,9.093067692084452,951.0,0.0,0.0,0.0,0.0,0.0,12.5,33.0,0.66,5.264,36.0,0.0,0.0,0.0,0.0,0.0,0.0,0.0,0.0,0.0,0.0,0.0,0.0,0.0,0.0,0.0,0.0,0.0,0.0,0.0,0.0,0.0,0.0,0.0,0.0,2.0
5588,AMERICAN PAD & PAPER CO,199811,1998-11-13,10-Q,edgar/data/5588/0000005588-98-000008.txt,0.0,0.0,0.0,0.0,0.0,0.0,0.0,0.0,0.0,0.0,0.0,0.0,0.0,0.0,0.0,0.0,0.0,0.0,0.0,0.0,0.0,0.0,0.0,0.0,0.0,0.0,0.0,0.0,0.0,0.0,0.0,0.0,0.0,0.0,0.0,0.0,0.0,0.0,0.0,0.0,0.0,0.0,1.0
5588,AMERICAN PAD & PAPER CO,199811,1998-11-16,10-Q/A,edgar/data/5588/0000005588-98-000010.txt,0.0,0.0,0.0,0.0,0.0,0.0,0.0,0.0,0.0,0.0,0.0,0.0,0.0,0.0,0.0,0.0,0.0,0.0,0.0,0.0,0.0,0.0,0.0,0.0,0.0,0.0,0.0,0.0,0.0,0.0,0.0,0.0,0.0,0.0,0.0,0.0,0.0,0.0,0.0,0.0,0.0,0.0,0.0
5907,AT&T CORP,199908,1999-08-13,10-Q,edgar/data/5907/0000005907-99-000027.txt,0.0,0.0,0.0,0.0,0.0,0.0,0.0,0.0,0.0,0.0,0.0,0.0,0.0,0.0,0.0,0.0,0.0,0.0,0.0,0.0,0.0,0.0,0.0,0.0,0.0,0.0,0.0,0.0,0.0,0.0,0.0,0.0,0.0,0.0,0.0,0.0,0.0,0.0,0.0,0.0,0.0,0.0,0.0
5907,AT&T CORP,199911,1999-11-15,10-Q,edgar/data/5907/0000005907-99-000037.txt,0.0,0.0,0.0,0.0,0.0,0.0,0.0,0.0,0.0,0.0,0.0,0.0,0.0,0.0,0.0,0.0,0.0,0.0,0.0,0.0,0.0,0.0,0.0,0.0,0.0,0.0,0.0,0.0,0.0,0.0,0.0,0.0,0.0,0.0,0.0,0.0,0.0,0.0,0.0,0.0,0.0,0.0,0.0
5907,AT&T CORP,200003,2000-03-27,10-K,edgar/data/5907/0000005907-00-000014.txt,0.0,0.0,0.0,20.838187702265373,1442.0,0.22394781798415903,8.424854208099813,1496.0,0.0,0.0,0.0,0.0,0.0,0.0,0.0,0.0,0.0,0.0,0.0,0.0,0.0,0.0,0.0,0.0,0.0,0.0,0.0,0.0,0.0,0.0,0.0,0.0,0.0,0.0,0.0,0.0,0.0,0.0,0.0,0.0,0.0,0.0,1.0
5907,AT&T CORP,200005,2000-05-15,10-Q,edgar/data/5907/0000005907-00-000025.txt,0.0,0.0,0.0,0.0,0.0,0.0,0.0,0.0,0.0,0.0,0.0,0.0,0.0,0.0,0.0,0.0,0.0,0.0,0.0,0.0,0.0,0.0,0.0,0.0,0.0,0.0,0.0,0.0,0.0,0.0,0.0,0.0,0.0,0.0,0.0,0.0,0.0,0.0,0.0,0.0,0.0,0.0,0.0
5907,AT&T CORP,200008,2000-08-14,10-Q,edgar/data/5907/0000005907-00-000031.txt,0.0,1.0,-0.9999990000010001,27.96732026143791,897.0,0.20962841785463893,11.27077947171702,952.0,0.0,0.0,0.0,0.0,0.0,0.0,0.0,0.0,0.0,0.0,0.0,0.0,0.0,0.0,0.0,0.0,0.0,0.0,0.0,0.0,0.0,0.0,0.0,0.0010504201680672268,0.0,0.0,0.0,0.0,0.0,0.0,0.0,0.0,0.0,0.0,1.0
5907,AT&T CORP,200011,2000-11-14,10-Q,edgar/data/5907/0000005907-00-000038.txt,0.0,0.0,0.0,25.080459770114942,808.0,0.1851512373968836,10.10624440300473,846.0,0.0,0.0,0.0,0.0,0.0,0.0,0.0,0.0,0.0,0.0,0.0,0.0,0.0,0.0,0.0,0.0,0.0,0.0,0.0,0.0,0.0,0.0,0.0,0.0,0.0,0.0,0.0,0.0,0.0,0.0,0.0,0.0,0.0,0.0,1.0
5907,AT&T CORP,200101,2001-01-26,10-K/A,edgar/data/5907/0000005907-01-000002.txt,0.0,0.0,0.0,0.0,0.0,0.0,0.0,0.0,0.0,0.0,0.0,0.0,0.0,0.0,0.0,0.0,0.0,0.0,0.0,0.0,0.0,0.0,0.0,0.0,0.0,0.0,0.0,0.0,0.0,0.0,0.0,0.0,0.0,0.0,0.0,0.0,0.0,0.0,0.0,0.0,0.0,0.0,2.0
5907,AT&T CORP,200104,2001-04-02,10-K405,edgar/data/5907/0000005907-01-000012.txt,0.0,1.0,-0.9999990000010001,24.522151898734176,1462.0,0.18866950574267646,9.884328561790742,1510.0,0.0,0.0,0.0,0.0,0.0,0.0,0.0,0.0,0.0,0.0,0.0,0.0,0.0,0.0,0.0,0.0,0.0,0.0,0.0,0.0,0.0,0.0,0.0,0.0006622516556291391,0.0,0.0,0.0,0.0,0.0,0.0,0.0,0.0,0.0,0.0,2.0
5907,AT&T CORP,200104,2001-04-17,10-K405/A,edgar/data/5907/0000005907-01-000015.txt,0.0,1.0,-0.9999990000010001,24.6085626911315,1513.0,0.18802038026593762,9.918633228558974,1561.0,0.0,0.0,0.0,0.0,0.0,0.0,0.0,0.0,0.0,0.0,0.0,0.0,0.0,0.0,0.0,0.0,0.0,0.0,0.0,0.0,0.0,0.0,0.0,0.0006406149903907751,0.0,0.0,0.0,0.0,0.0,0.0,0.0,0.0,0.0,0.0,2.0
5907,AT&T CORP,200105,2001-05-15,10-Q,edgar/data/5907/0000950123-01-502538.txt,0.0,1.0,-0.9999990000010001,28.409574468085108,1054.0,0.19734132184984085,11.44276631597398,1109.0,0.0,0.0,0.0,0.0,0.0,0.0,0.0,0.0,0.0,0.0,0.0,0.0,0.0,0.0,0.0,0.0,0.0,0.0,0.0,0.0,0.0,0.0,0.0,0.0009017132551848512,0.0,0.0,0.0,0.0,0.0,0.0,0.0,0.0,0.0,0.0,1.0
5907,AT&T CORP,200107,2001-07-03,10-Q/A,edgar/data/5907/0000950123-01-504075.txt,0.0,1.0,-0.9999990000010001,28.335135135135136,1564.0,0.1491797024036627,11.393725935015521,1642.0,0.0,0.0,0.0,0.0,0.0,0.0,0.0,0.0,0.0,0.0,0.0,0.0,0.0,0.0,0.0,0.0,0.0,0.0,0.0,0.0,0.0,0.0,0.0,0.0006090133982947625,0.0,0.0,0.0,0.0,0.0,0.0,0.0,0.0,0.0,0.0,1.0
5907,AT&T CORP,200108,2001-08-10,10-Q/A,edgar/data/5907/0000950123-01-505366.txt,0.0,1.0,-0.9999990000010001,28.335135135135136,1564.0,0.1491797024036627,11.393725935015521,1642.0,0.0,0.0,0.0,0.0,0.0,0.0,0.0,0.0,0.0,0.0,0.0,0.0,0.0,0.0,0.0,0.0,0.0,0.0,0.0,0.0,0.0,0.0,0.0,0.0006090133982947625,0.0,0.0,0.0,0.0,0.0,0.0,0.0,0.0,0.0,0.0,1.0
5907,AT&T CORP,200108,2001-08-14,10-Q,edgar/data/5907/0000950123-01-505598.txt,0.0,1.0,-0.9999990000010001,29.059633027522935,1096.0,0.17300710339384373,11.693056052366712,1160.0,0.0,0.0,0.0,0.0,0.0,0.0,0.0,0.0,0.0,0.0,0.0,0.0,0.0,0.0,0.0,0.0,0.0,0.0,0.0,0.0,0.0,0.0,0.0,0.0008620689655172414,0.0,0.0,0.0,0.0,0.0,0.0,0.0,0.0,0.0,0.0,0.0
6071,AMES DEPARTMENT STORES INC,199809,1998-09-02,10-Q,edgar/data/6071/0000006071-98-000023.txt,0.0,0.0,0.0,0.0,0.0,0.0,0.0,0.0,0.0,0.0,0.0,0.0,0.0,0.0,0.0,0.0,0.0,0.0,0.0,0.0,0.0,0.0,0.0,0.0,0.0,0.0,0.0,0.0,0.0,0.0,0.0,0.0,0.0,0.0,0.0,0.0,0.0,0.0,0.0,0.0,0.0,0.0,0.0
6071,AMES DEPARTMENT STORES INC,199812,1998-12-10,10-Q,edgar/data/6071/0000006071-98-000026.txt,0.0,0.0,0.0,0.0,0.0,0.0,0.0,0.0,0.0,0.0,0.0,0.0,0.0,0.0,0.0,0.0,0.0,0.0,0.0,0.0,0.0,0.0,0.0,0.0,0.0,0.0,0.0,0.0,0.0,0.0,0.0,0.0,0.0,0.0,0.0,0.0,0.0,0.0,0.0,0.0,0.0,0.0,0.0
6071,AMES DEPARTMENT STORES INC,199904,1999-04-05,10-K,edgar/data/6071/0000889812-99-001116.txt,0.0,0.0,0.0,24.401515151515152,817.0,0.25364793542378145,9.862065234775574,844.0,0.0,0.0,0.0,0.0,0.0,0.0,0.0,0.0,0.0,0.0,0.0,0.0,0.0,0.0,0.0,0.0,0.0,0.0,0.0,0.0,0.0,0.0,0.0,0.0,0.0,0.0,0.0,0.0,0.0,0.0,0.0,0.0,0.0,0.0,4.0
6071,AMES DEPARTMENT STORES INC,199906,1999-06-15,10-Q,edgar/data/6071/0000006071-99-000013.txt,0.0,2.0,-0.99999950000025,34.829268292682926,767.0,0.26855742296918766,14.039130286260846,808.0,0.0,0.0,0.0,0.0,0.0,0.0,0.0,0.0,0.0,0.0,0.0,0.0,0.0,0.0,0.0,0.0,0.0,0.0,0.0,0.0,0.0,0.0,0.0,0.0024752475247524753,0.0,0.0,0.0,0.0,0.0,0.0,0.0,0.0,0.0,0.0,0.0
6071,AMES DEPARTMENT STORES INC,199909,1999-09-14,10-Q,edgar/data/6071/0000006071-99-000015.txt,0.0,3.0,-0.9999996666667778,24.165242165242166,1626.0,0.1917000707380335,9.74277689439208,1682.0,0.0,0.0,0.0,0.0,0.0,0.0,0.0,0.0,0.0,0.0,0.0,0.0,0.0,0.0,0.0,0.0,0.0,0.0,0.0,0.0,0.0,0.0,0.0,0.0017835909631391202,0.0,0.0,0.0,0.0,0.0,0.0,0.0,0.0,0.0,0.0,0.0
6071,AMES DEPARTMENT STORES INC,199912,1999-12-14,10-Q,edgar/data/6071/0000006071-99-000017.txt,0.0,0.0,0.0,0.0,0.0,0.0,0.0,0.0,0.0,0.0,0.0,0.0,0.0,0.0,0.0,0.0,0.0,0.0,0.0,0.0,0.0,0.0,0.0,0.0,0.0,0.0,0.0,0.0,0.0,0.0,0.0,0.0,0.0,0.0,0.0,0.0,0.0,0.0,0.0,0.0,0.0,0.0,0.0
6071,AMES DEPARTMENT STORES INC,200004,2000-04-11,10-K,edgar/data/6071/0000006071-00-000002.txt,0.0,0.0,0.0,0.0,0.0,0.0,0.0,0.0,0.0,0.0,0.0,0.0,0.0,0.0,0.0,0.0,0.0,0.0,0.0,0.0,0.0,0.0,0.0,0.0,0.0,0.0,0.0,0.0,0.0,0.0,0.0,0.0,0.0,0.0,0.0,0.0,0.0,0.0,0.0,0.0,0.0,0.0,0.0
6071,AMES DEPARTMENT STORES INC,200006,2000-06-13,10-Q,edgar/data/6071/0000006071-00-000011.txt,0.0,0.0,0.0,0.0,0.0,0.0,0.0,0.0,0.0,0.0,0.0,0.0,0.0,0.0,0.0,0.0,0.0,0.0,0.0,0.0,0.0,0.0,0.0,0.0,0.0,0.0,0.0,0.0,0.0,0.0,0.0,0.0,0.0,0.0,0.0,0.0,0.0,0.0,0.0,0.0,0.0,0.0,0.0
6201,AMR CORP,199908,1999-08-16,10-Q,edgar/data/6201/0000006201-99-000023.txt,0.0,0.0,0.0,0.0,0.0,0.0,0.0,0.0,0.0,0.0,0.0,0.0,0.0,0.0,0.0,0.0,0.0,0.0,0.0,0.0,0.0,0.0,0.0,0.0,0.0,0.0,0.0,0.0,0.0,0.0,0.0,0.0,0.0,0.0,0.0,0.0,0.0,0.0,0.0,0.0,0.0,0.0,0.0
6201,AMR CORP,199911,1999-11-05,10-Q,edgar/data/6201/0000006201-99-000028.txt,0.0,0.0,0.0,0.0,0.0,0.0,0.0,0.0,0.0,0.0,0.0,0.0,0.0,0.0,0.0,0.0,0.0,0.0,0.0,0.0,0.0,0.0,0.0,0.0,0.0,0.0,0.0,0.0,0.0,0.0,0.0,0.0,0.0,0.0,0.0,0.0,0.0,0.0,0.0,0.0,0.0,0.0,0.0
6201,AMR CORP,200003,2000-03-27,10-K405,edgar/data/6201/0000950134-00-002454.txt,0.0,0.0,0.0,0.0,0.0,0.0,0.0,0.0,0.0,0.0,0.0,0.0,0.0,0.0,0.0,0.0,0.0,0.0,0.0,0.0,0.0,0.0,0.0,0.0,0.0,0.0,0.0,0.0,0.0,0.0,0.0,0.0,0.0,0.0,0.0,0.0,0.0,0.0,0.0,0.0,0.0,0.0,2.0
6201,AMR CORP,200005,2000-05-11,10-Q,edgar/data/6201/0000006201-00-000009.txt,0.0,0.0,0.0,0.0,0.0,0.0,0.0,0.0,0.0,0.0,0.0,0.0,0.0,0.0,0.0,0.0,0.0,0.0,0.0,0.0,0.0,0.0,0.0,0.0,0.0,0.0,0.0,0.0,0.0,0.0,0.0,0.0,0.0,0.0,0.0,0.0,0.0,0.0,0.0,0.0,0.0,0.0,0.0
6201,AMR CORP,200007,2000-07-28,10-Q,edgar/data/6201/0000950134-00-006067.txt,0.0,0.0,0.0,28.07,771.0,0.27467046669041684,11.337868186676168,817.0,0.0,0.0,0.0,0.0,0.0,12.333333333333334,26.0,0.7027027027027027,5.214414414414415,31.0,0.0,0.0,0.0,0.0,0.0,0.0,0.0,0.0,0.0,0.0,0.0,0.0,0.0,0.0,0.0,0.0,0.0,0.0,0.0,0.0,0.0,0.0,0.0,0.0,0.0
6201,AMR CORP,200010,2000-10-26,10-Q,edgar/data/6201/0000006201-00-000017.txt,0.0,0.0,0.0,0.0,0.0,0.0,0.0,0.0,0.0,0.0,0.0,0.0,0.0,0.0,0.0,0.0,0.0,0.0,0.0,0.0,0.0,0.0,0.0,0.0,0.0,0.0,0.0,0.0,0.0,0.0,0.0,0.0,0.0,0.0,0.0,0.0,0.0,0.0,0.0,0.0,0.0,0.0,0.0
6201,AMR CORP,200103,2001-03-22,10-K405,edgar/data/6201/0000950134-01-002483.txt,0.0,0.0,0.0,22.51086956521739,1123.0,0.2711250603573153,9.112797850229883,1195.0,1.0,0.0,0.0,0.0,0.0,22.40625,224.0,0.3124128312412831,9.087465132496513,243.0,1.0,0.0,0.0,0.0,0.0,0.0,0.0,0.0,0.0,0.0,0.0,0.0,0.0,0.0,0.0,0.0,0.0,0.0,0.0008368200836820083,0.0,0.00411522633744856,0.0,0.0,0.0,14.0
6201,AMR CORP,200104,2001-04-24,10-Q,edgar/data/6201/0000950134-01-500665.txt,0.0,0.0,0.0,26.327868852459016,573.0,0.35678704856787047,10.673862360410755,616.0,0.0,0.0,0.0,0.0,0.0,26.666666666666668,72.0,0.45,10.846666666666668,82.0,0.0,0.0,0.0,0.0,0.0,0.0,0.0,0.0,0.0,0.0,0.0,0.0,0.0,0.0,0.0,0.0,0.0,0.0,0.0,0.0,0.0,0.0,0.0,0.0,0.0
6201,AMR CORP,200108,2001-08-13,10-Q,edgar/data/6201/0000006201-01-500032.txt,0.0,0.0,0.0,0.0,0.0,0.0,0.0,0.0,0.0,0.0,0.0,0.0,0.0,0.0,0.0,0.0,0.0,0.0,0.0,0.0,0.0,0.0,0.0,0.0,0.0,0.0,0.0,0.0,0.0,0.0,0.0,0.0,0.0,0.0,0.0,0.0,0.0,0.0,0.0,0.0,0.0,0.0,0.0
6201,AMR CORP,200110,2001-10-25,10-Q,edgar/data/6201/0000006201-01-500047.txt,0.0,0.0,0.0,0.0,0.0,0.0,0.0,0.0,0.0,0.0,0.0,0.0,0.0,0.0,0.0,0.0,0.0,0.0,0.0,0.0,0.0,0.0,0.0,0.0,0.0,0.0,0.0,0.0,0.0,0.0,0.0,0.0,0.0,0.0,0.0,0.0,0.0,0.0,0.0,0.0,0.0,0.0,0.0
6201,AMR CORP,200202,2002-02-28,10-K405,edgar/data/6201/0000950134-02-001661.txt,0.0,2.0,-0.99999950000025,24.477678571428573,1310.0,0.23892029910632864,9.886639548213962,1376.0,1.0,0.0,0.0,0.0,0.0,23.517241379310345,219.0,0.32111436950146627,9.535342299524725,237.0,1.0,0.0,0.0,0.0,0.0,0.0,0.0,0.0,0.0,0.0,0.0,0.0,0.0,0.0014534883720930232,0.0,0.0,0.0,0.0,0.0007267441860465116,0.0,0.004219409282700422,0.0,0.0,0.0,3.0
6201,AMR CORP,200204,2002-04-18,10-Q,edgar/data/6201/0000006201-02-000015.txt,0.0,0.0,0.0,0.0,0.0,0.0,0.0,0.0,0.0,0.0,0.0,0.0,0.0,0.0,0.0,0.0,0.0,0.0,0.0,0.0,0.0,0.0,0.0,0.0,0.0,0.0,0.0,0.0,0.0,0.0,0.0,0.0,0.0,0.0,0.0,0.0,0.0,0.0,0.0,0.0,0.0,0.0,0.0
6201,AMR CORP,200207,2002-07-19,10-Q,edgar/data/6201/0000006201-02-000035.txt,0.0,0.0,0.0,0.0,0.0,0.0,0.0,0.0,0.0,0.0,0.0,0.0,0.0,0.0,0.0,0.0,0.0,0.0,0.0,0.0,0.0,0.0,0.0,0.0,0.0,0.0,0.0,0.0,0.0,0.0,0.0,0.0,0.0,0.0,0.0,0.0,0.0,0.0,0.0,0.0,0.0,0.0,0.0
6201,AMR CORP,200210,2002-10-18,10-Q,edgar/data/6201/0000006201-02-000052.txt,0.0,0.0,0.0,0.0,0.0,0.0,0.0,0.0,0.0,0.0,0.0,0.0,0.0,0.0,0.0,0.0,0.0,0.0,0.0,0.0,0.0,0.0,0.0,0.0,0.0,0.0,0.0,0.0,0.0,0.0,0.0,0.0,0.0,0.0,0.0,0.0,0.0,0.0,0.0,0.0,0.0,0.0,0.0
6201,AMR CORP,200210,2002-10-18,10-Q/A,edgar/data/6201/0000950134-02-012680.txt,0.0,1.0,-0.9999990000010001,26.77922077922078,679.0,0.32929194956353053,10.843405091513723,724.0,0.0,0.0,0.0,0.0,0.0,10.5,17.0,0.8095238095238095,4.523809523809525,19.0,0.0,0.0,0.0,0.0,0.0,0.0,0.0,0.0,0.0,0.0,0.0,0.0,0.0,0.0013812154696132596,0.0,0.0,0.0,0.0,0.0,0.0,0.0,0.0,0.0,0.0,0.0
6201,AMR CORP,200210,2002-10-18,10-Q/A,edgar/data/6201/0000950134-02-012682.txt,0.0,1.0,-0.9999990000010001,28.024390243902438,860.0,0.24949231215549753,11.309553022423174,917.0,0.0,0.0,0.0,0.0,0.0,9.5,16.0,0.8421052631578947,4.136842105263158,17.0,0.0,0.0,0.0,0.0,0.0,0.0,0.0,0.0,0.0,0.0,0.0,0.0,0.0,0.0010905125408942203,0.0,0.0,0.0,0.0,0.0,0.0,0.0,0.0,0.0,0.0,0.0
6201,AMR CORP,200304,2003-04-01,NT 10-K,edgar/data/6201/0000006201-03-000012.txt,0.0,0.0,0.0,0.0,0.0,0.0,0.0,0.0,0.0,0.0,0.0,0.0,0.0,0.0,0.0,0.0,0.0,0.0,0.0,0.0,0.0,0.0,0.0,0.0,0.0,0.0,0.0,0.0,0.0,0.0,0.0,0.0,0.0,0.0,0.0,0.0,0.0,0.0,0.0,0.0,0.0,0.0,0.0
6201,AMR CORP,200304,2003-04-15,10-K,edgar/data/6201/0001047469-03-013301.txt,0.0,0.0,0.0,0.0,0.0,0.0,0.0,0.0,0.0,0.0,0.0,0.0,0.0,0.0,0.0,0.0,0.0,0.0,0.0,0.0,0.0,0.0,0.0,0.0,0.0,0.0,0.0,0.0,0.0,0.0,0.0,0.0,0.0,0.0,0.0,0.0,0.0,0.0,0.0,0.0,0.0,0.0,0.0
6201,AMR CORP,200305,2003-05-15,10-Q,edgar/data/6201/0000006201-03-000030.txt,0.0,0.0,0.0,0.0,0.0,0.0,0.0,0.0,0.0,0.0,0.0,0.0,0.0,0.0,0.0,0.0,0.0,0.0,0.0,0.0,0.0,0.0,0.0,0.0,0.0,0.0,0.0,0.0,0.0,0.0,0.0,0.0,0.0,0.0,0.0,0.0,0.0,0.0,0.0,0.0,0.0,0.0,0.0
6201,AMR CORP,200307,2003-07-18,10-Q,edgar/data/6201/0000006201-03-000045.txt,0.0,0.0,0.0,0.0,0.0,0.0,0.0,0.0,0.0,0.0,0.0,0.0,0.0,0.0,0.0,0.0,0.0,0.0,0.0,0.0,0.0,0.0,0.0,0.0,0.0,0.0,0.0,0.0,0.0,0.0,0.0,0.0,0.0,0.0,0.0,0.0,0.0,0.0,0.0,0.0,0.0,0.0,0.0
6201,AMR CORP,200810,2008-10-16,10-Q,edgar/data/6201/0000006201-08-000060.txt,0.0,0.0,0.0,0.0,0.0,0.0,0.0,0.0,0.0,0.0,0.0,0.0,0.0,0.0,0.0,0.0,0.0,0.0,0.0,0.0,0.0,0.0,0.0,0.0,0.0,0.0,0.0,0.0,0.0,0.0,0.0,0.0,0.0,0.0,0.0,0.0,0.0,0.0,0.0,0.0,0.0,0.0,0.0
6201,AMR CORP,200902,2009-02-19,10-K,edgar/data/6201/0000006201-09-000009.txt,0.0,0.0,0.0,0.0,0.0,0.0,0.0,0.0,0.0,0.0,0.0,0.0,0.0,294.0,339.0,0.1441326530612245,117.6576530612245,360.0,0.0,0.0,0.0,0.0,0.0,211.83908045977012,1162.0,0.06304937601736299,84.760851934315,1176.0,0.0,0.0,0.0,0.0,0.0,0.0,0.0,0.0,0.0,0.0,0.0,0.0,0.0,0.0,2.0
6201,AMR CORP,200904,2009-04-16,10-Q,edgar/data/6201/0000006201-09-000016.txt,0.0,0.0,0.0,0.0,0.0,0.0,0.0,0.0,0.0,0.0,0.0,0.0,0.0,0.0,0.0,0.0,0.0,0.0,0.0,0.0,0.0,0.0,0.0,0.0,0.0,0.0,0.0,0.0,0.0,0.0,0.0,0.0,0.0,0.0,0.0,0.0,0.0,0.0,0.0,0.0,0.0,0.0,0.0
6201,AMR CORP,200907,2009-07-15,10-Q,edgar/data/6201/0000006201-09-000029.txt,0.0,0.0,0.0,0.0,0.0,0.0,0.0,0.0,0.0,0.0,0.0,0.0,0.0,0.0,0.0,0.0,0.0,0.0,0.0,0.0,0.0,0.0,0.0,0.0,0.0,0.0,0.0,0.0,0.0,0.0,0.0,0.0,0.0,0.0,0.0,0.0,0.0,0.0,0.0,0.0,0.0,0.0,0.0
6201,AMR CORP,200910,2009-10-21,10-Q,edgar/data/6201/0000006201-09-000038.txt,0.0,0.0,0.0,0.0,0.0,0.0,0.0,0.0,0.0,0.0,0.0,0.0,0.0,0.0,0.0,0.0,0.0,0.0,0.0,0.0,0.0,0.0,0.0,0.0,0.0,0.0,0.0,0.0,0.0,0.0,0.0,0.0,0.0,0.0,0.0,0.0,0.0,0.0,0.0,0.0,0.0,0.0,0.0
6201,AMR CORP,200911,2009-11-06,10-Q/A,edgar/data/6201/0000006201-09-000040.txt,0.0,0.0,0.0,0.0,0.0,0.0,0.0,0.0,0.0,0.0,0.0,0.0,0.0,0.0,0.0,0.0,0.0,0.0,0.0,0.0,0.0,0.0,0.0,0.0,0.0,0.0,0.0,0.0,0.0,0.0,0.0,0.0,0.0,0.0,0.0,0.0,0.0,0.0,0.0,0.0,0.0,0.0,0.0
6201,AMR CORP,201002,2010-02-17,10-K,edgar/data/6201/0000006201-10-000006.txt,0.0,0.0,0.0,0.0,0.0,0.0,0.0,0.0,0.0,0.0,0.0,0.0,0.0,344.6666666666667,336.0,0.16247582205029013,137.9316569954868,359.0,0.0,0.0,0.0,0.0,0.0,175.72321428571428,1318.0,0.06696814186271023,70.31607297103079,1329.0,0.0,0.0,0.0,0.0,0.0,0.0,0.0,0.0,0.0,0.0,0.0,0.0,0.0,0.0,0.0
6201,AMR CORP,201004,2010-04-21,10-Q,edgar/data/6201/0000006201-10-000013.txt,0.0,0.0,0.0,0.0,0.0,0.0,0.0,0.0,0.0,0.0,0.0,0.0,0.0,0.0,0.0,0.0,0.0,0.0,0.0,0.0,0.0,0.0,0.0,0.0,0.0,0.0,0.0,0.0,0.0,0.0,0.0,0.0,0.0,0.0,0.0,0.0,0.0,0.0,0.0,0.0,0.0,0.0,0.0
6201,AMR CORP,201007,2010-07-21,10-Q,edgar/data/6201/0000950123-10-066894.txt,0.0,0.0,0.0,0.0,0.0,0.0,0.0,0.0,0.0,0.0,0.0,0.0,0.0,0.0,0.0,0.0,0.0,0.0,0.0,0.0,0.0,0.0,0.0,0.0,0.0,0.0,0.0,0.0,0.0,0.0,0.0,0.0,0.0,0.0,0.0,0.0,0.0,0.0,0.0,0.0,0.0,0.0,0.0
6201,AMR CORP,201010,2010-10-20,10-Q,edgar/data/6201/0000950123-10-094605.txt,0.0,0.0,0.0,0.0,0.0,0.0,0.0,0.0,0.0,0.0,0.0,0.0,0.0,0.0,0.0,0.0,0.0,0.0,0.0,0.0,0.0,0.0,0.0,0.0,0.0,0.0,0.0,0.0,0.0,0.0,0.0,0.0,0.0,0.0,0.0,0.0,0.0,0.0,0.0,0.0,0.0,0.0,0.0
6260,ANACOMP INC,199402,1994-02-14,10-Q,edgar/data/6260/0000006260-94-000014.txt,0.0,0.0,0.0,23.125,157.0,0.4243243243243243,9.41972972972973,173.0,0.0,0.0,0.0,0.0,0.0,0.0,0.0,0.0,0.0,0.0,0.0,0.0,0.0,0.0,0.0,0.0,0.0,0.0,0.0,0.0,0.0,0.0,0.0,0.0,0.0,0.0,0.0,0.0,0.0,0.0,0.0,0.0,0.0,0.0,0.0
6260,ANACOMP INC,199405,1994-05-12,10-Q,edgar/data/6260/0000006260-94-000016.txt,0.0,0.0,0.0,0.0,0.0,0.0,0.0,0.0,0.0,0.0,0.0,0.0,0.0,0.0,0.0,0.0,0.0,0.0,0.0,0.0,0.0,0.0,0.0,0.0,0.0,0.0,0.0,0.0,0.0,0.0,0.0,0.0,0.0,0.0,0.0,0.0,0.0,0.0,0.0,0.0,0.0,0.0,0.0
6260,ANACOMP INC,199712,1997-12-29,10-K,edgar/data/6260/0000006260-97-000011.txt,0.0,0.0,0.0,0.0,0.0,0.0,0.0,0.0,0.0,0.0,0.0,0.0,0.0,0.0,0.0,0.0,0.0,0.0,0.0,0.0,0.0,0.0,0.0,0.0,0.0,0.0,0.0,0.0,0.0,0.0,0.0,0.0,0.0,0.0,0.0,0.0,0.0,0.0,0.0,0.0,0.0,0.0,3.0
6260,ANACOMP INC,199802,1998-02-17,10-Q,edgar/data/6260/0000006260-98-000001.txt,0.0,0.0,0.0,0.0,0.0,0.0,0.0,0.0,0.0,0.0,0.0,0.0,0.0,0.0,0.0,0.0,0.0,0.0,0.0,0.0,0.0,0.0,0.0,0.0,0.0,0.0,0.0,0.0,0.0,0.0,0.0,0.0,0.0,0.0,0.0,0.0,0.0,0.0,0.0,0.0,0.0,0.0,0.0
6260,ANACOMP INC,199805,1998-05-13,10-Q,edgar/data/6260/0000006260-98-000003.txt,0.0,0.0,0.0,0.0,0.0,0.0,0.0,0.0,0.0,0.0,0.0,0.0,0.0,0.0,0.0,0.0,0.0,0.0,0.0,0.0,0.0,0.0,0.0,0.0,0.0,0.0,0.0,0.0,0.0,0.0,0.0,0.0,0.0,0.0,0.0,0.0,0.0,0.0,0.0,0.0,0.0,0.0,0.0
6260,ANACOMP INC,199808,1998-08-14,10-Q,edgar/data/6260/0000914121-98-000672.txt,0.0,0.0,0.0,20.31578947368421,480.0,0.24870466321243523,8.225797654758658,496.0,0.0,0.0,0.0,0.0,0.0,0.0,0.0,0.0,0.0,0.0,0.0,0.0,0.0,0.0,0.0,0.0,0.0,0.0,0.0,0.0,0.0,0.0,0.0,0.0,0.0,0.0,0.0,0.0,0.0,0.0,0.0,0.0,0.0,0.0,0.0
6260,ANACOMP INC,199812,1998-12-29,10-K405,edgar/data/6260/0001047469-98-045227.txt,0.0,1.0,-0.9999990000010001,23.20125786163522,979.0,0.2653835727839523,9.38665657376767,1010.0,3.0,0.0,0.0,0.0,0.0,12.333333333333334,24.0,0.6486486486486487,5.192792792792794,26.0,0.0,0.0,0.0,0.0,0.0,0.0,0.0,0.0,0.0,0.0,0.0,0.0,0.0,0.0009900990099009901,0.0,0.0,0.0,0.0,0.0029702970297029703,0.0,0.0,0.0,0.0,0.0,8.0
6260,ANACOMP INC,199902,1999-02-11,10-Q,edgar/data/6260/0000006260-99-000005.txt,0.0,0.0,0.0,0.0,0.0,0.0,0.0,0.0,0.0,0.0,0.0,0.0,0.0,0.0,0.0,0.0,0.0,0.0,0.0,0.0,0.0,0.0,0.0,0.0,0.0,0.0,0.0,0.0,0.0,0.0,0.0,0.0,0.0,0.0,0.0,0.0,0.0,0.0,0.0,0.0,0.0,0.0,0.0
6260,ANACOMP INC,199905,1999-05-17,10-Q,edgar/data/6260/0000006260-99-000007.txt,0.0,0.0,0.0,0.0,0.0,0.0,0.0,0.0,0.0,0.0,0.0,0.0,0.0,0.0,0.0,0.0,0.0,0.0,0.0,0.0,0.0,0.0,0.0,0.0,0.0,0.0,0.0,0.0,0.0,0.0,0.0,0.0,0.0,0.0,0.0,0.0,0.0,0.0,0.0,0.0,0.0,0.0,0.0
6260,ANACOMP INC,199908,1999-08-13,10-Q,edgar/data/6260/0000006260-99-000010.txt,0.0,0.0,0.0,0.0,0.0,0.0,0.0,0.0,0.0,0.0,0.0,0.0,0.0,0.0,0.0,0.0,0.0,0.0,0.0,0.0,0.0,0.0,0.0,0.0,0.0,0.0,0.0,0.0,0.0,0.0,0.0,0.0,0.0,0.0,0.0,0.0,0.0,0.0,0.0,0.0,0.0,0.0,0.0
11860,BETHLEHEM STEEL CORP /DE/,199811,1998-11-12,10-Q,edgar/data/11860/0000011860-98-000022.txt,0.0,0.0,0.0,0.0,0.0,0.0,0.0,0.0,0.0,0.0,0.0,0.0,0.0,0.0,0.0,0.0,0.0,0.0,0.0,0.0,0.0,0.0,0.0,0.0,0.0,0.0,0.0,0.0,0.0,0.0,0.0,0.0,0.0,0.0,0.0,0.0,0.0,0.0,0.0,0.0,0.0,0.0,2.0
11860,BETHLEHEM STEEL CORP /DE/,199903,1999-03-24,10-K405,edgar/data/11860/0001021408-99-000543.txt,0.0,0.0,0.0,10.5,14.0,0.6666666666666666,4.466666666666667,19.0,0.0,0.0,0.0,0.0,0.0,0.0,0.0,0.0,0.0,0.0,0.0,0.0,0.0,0.0,0.0,0.0,0.0,0.0,0.0,0.0,0.0,0.0,0.0,0.0,0.0,0.0,0.0,0.0,0.0,0.0,0.0,0.0,0.0,0.0,3.0
11860,BETHLEHEM STEEL CORP /DE/,199905,1999-05-14,10-Q,edgar/data/11860/0000011860-99-000025.txt,0.0,0.0,0.0,0.0,0.0,0.0,0.0,0.0,0.0,0.0,0.0,0.0,0.0,0.0,0.0,0.0,0.0,0.0,0.0,0.0,0.0,0.0,0.0,0.0,0.0,0.0,0.0,0.0,0.0,0.0,0.0,0.0,0.0,0.0,0.0,0.0,0.0,0.0,0.0,0.0,0.0,0.0,0.0
11860,BETHLEHEM STEEL CORP /DE/,199906,1999-06-29,10-K/A,edgar/data/11860/0000011860-99-000030.txt,0.0,0.0,0.0,0.0,0.0,0.0,0.0,0.0,0.0,0.0,0.0,0.0,0.0,0.0,0.0,0.0,0.0,0.0,0.0,0.0,0.0,0.0,0.0,0.0,0.0,0.0,0.0,0.0,0.0,0.0,0.0,0.0,0.0,0.0,0.0,0.0,0.0,0.0,0.0,0.0,0.0,0.0,0.0
11860,BETHLEHEM STEEL CORP /DE/,199908,1999-08-05,10-Q,edgar/data/11860/0000011860-99-000035.txt,0.0,0.0,0.0,0.0,0.0,0.0,0.0,0.0,0.0,0.0,0.0,0.0,0.0,0.0,0.0,0.0,0.0,0.0,0.0,0.0,0.0,0.0,0.0,0.0,0.0,0.0,0.0,0.0,0.0,0.0,0.0,0.0,0.0,0.0,0.0,0.0,0.0,0.0,0.0,0.0,0.0,0.0,0.0
11860,BETHLEHEM STEEL CORP /DE/,199911,1999-11-02,10-Q,edgar/data/11860/0000011860-99-000042.txt,0.0,0.0,0.0,0.0,0.0,0.0,0.0,0.0,0.0,0.0,0.0,0.0,0.0,0.0,0.0,0.0,0.0,0.0,0.0,0.0,0.0,0.0,0.0,0.0,0.0,0.0,0.0,0.0,0.0,0.0,0.0,0.0,0.0,0.0,0.0,0.0,0.0,0.0,0.0,0.0,0.0,0.0,0.0
11860,BETHLEHEM STEEL CORP /DE/,200003,2000-03-09,10-K,edgar/data/11860/0000011860-00-000019.txt,0.0,0.0,0.0,0.0,0.0,0.0,0.0,0.0,0.0,0.0,0.0,0.0,0.0,0.0,0.0,0.0,0.0,0.0,0.0,0.0,0.0,0.0,0.0,0.0,0.0,0.0,0.0,0.0,0.0,0.0,0.0,0.0,0.0,0.0,0.0,0.0,0.0,0.0,0.0,0.0,0.0,0.0,5.0
11860,BETHLEHEM STEEL CORP /DE/,200005,2000-05-03,10-Q,edgar/data/11860/0000011860-00-000022.txt,0.0,0.0,0.0,0.0,0.0,0.0,0.0,0.0,0.0,0.0,0.0,0.0,0.0,0.0,0.0,0.0,0.0,0.0,0.0,0.0,0.0,0.0,0.0,0.0,0.0,0.0,0.0,0.0,0.0,0.0,0.0,0.0,0.0,0.0,0.0,0.0,0.0,0.0,0.0,0.0,0.0,0.0,0.0
11860,BETHLEHEM STEEL CORP /DE/,200006,2000-06-28,10-K/A,edgar/data/11860/0000011860-00-000025.txt,0.0,0.0,0.0,0.0,0.0,0.0,0.0,0.0,0.0,0.0,0.0,0.0,0.0,0.0,0.0,0.0,0.0,0.0,0.0,0.0,0.0,0.0,0.0,0.0,0.0,0.0,0.0,0.0,0.0,0.0,0.0,0.0,0.0,0.0,0.0,0.0,0.0,0.0,0.0,0.0,0.0,0.0,0.0
11860,BETHLEHEM STEEL CORP /DE/,200007,2000-07-26,10-Q,edgar/data/11860/0000011860-00-000028.txt,0.0,0.0,0.0,0.0,0.0,0.0,0.0,0.0,0.0,0.0,0.0,0.0,0.0,0.0,0.0,0.0,0.0,0.0,0.0,0.0,0.0,0.0,0.0,0.0,0.0,0.0,0.0,0.0,0.0,0.0,0.0,0.0,0.0,0.0,0.0,0.0,0.0,0.0,0.0,0.0,0.0,0.0,0.0
11860,BETHLEHEM STEEL CORP /DE/,200010,2000-10-25,10-Q,edgar/data/11860/0000011860-00-000038.txt,0.0,0.0,0.0,0.0,0.0,0.0,0.0,0.0,0.0,0.0,0.0,0.0,0.0,0.0,0.0,0.0,0.0,0.0,0.0,0.0,0.0,0.0,0.0,0.0,0.0,0.0,0.0,0.0,0.0,0.0,0.0,0.0,0.0,0.0,0.0,0.0,0.0,0.0,0.0,0.0,0.0,0.0,0.0
12239,SPHERIX INC,200704,2007-04-02,10-K,edgar/data/12239/0001104659-07-024804.txt,0.0,0.0,0.0,0.0,0.0,0.0,0.0,0.0,0.0,0.0,0.0,0.0,0.0,0.0,0.0,0.0,0.0,0.0,0.0,0.0,0.0,0.0,0.0,0.0,0.0,0.0,0.0,0.0,0.0,0.0,0.0,0.0,0.0,0.0,0.0,0.0,0.0,0.0,0.0,0.0,0.0,0.0,4.0
12239,SPHERIX INC,200705,2007-05-16,NT 10-Q,edgar/data/12239/0001104659-07-040463.txt,0.0,0.0,0.0,0.0,0.0,0.0,0.0,0.0,0.0,0.0,0.0,0.0,0.0,0.0,0.0,0.0,0.0,0.0,0.0,0.0,0.0,0.0,0.0,0.0,0.0,0.0,0.0,0.0,0.0,0.0,0.0,0.0,0.0,0.0,0.0,0.0,0.0,0.0,0.0,0.0,0.0,0.0,0.0
12239,SPHERIX INC,200705,2007-05-18,10-Q,edgar/data/12239/0001104659-07-041441.txt,0.0,0.0,0.0,0.0,0.0,0.0,0.0,0.0,0.0,0.0,0.0,0.0,0.0,0.0,0.0,0.0,0.0,0.0,0.0,0.0,0.0,0.0,0.0,0.0,0.0,0.0,0.0,0.0,0.0,0.0,0.0,0.0,0.0,0.0,0.0,0.0,0.0,0.0,0.0,0.0,0.0,0.0,0.0
12239,SPHERIX INC,200705,2007-05-23,10-K/A,edgar/data/12239/0001104659-07-042333.txt,0.0,0.0,0.0,0.0,0.0,0.0,0.0,0.0,0.0,0.0,0.0,0.0,0.0,0.0,0.0,0.0,0.0,0.0,0.0,0.0,0.0,0.0,0.0,0.0,0.0,0.0,0.0,0.0,0.0,0.0,0.0,0.0,0.0,0.0,0.0,0.0,0.0,0.0,0.0,0.0,0.0,0.0,4.0
12239,SPHERIX INC,200708,2007-08-14,10-Q,edgar/data/12239/0001104659-07-062470.txt,0.0,0.0,0.0,0.0,0.0,0.0,0.0,0.0,0.0,0.0,0.0,0.0,0.0,0.0,0.0,0.0,0.0,0.0,0.0,0.0,0.0,0.0,0.0,0.0,0.0,0.0,0.0,0.0,0.0,0.0,0.0,0.0,0.0,0.0,0.0,0.0,0.0,0.0,0.0,0.0,0.0,0.0,0.0
